date,event,source,source_url,war_risk,news_score,attention_z,tone_shift_z,contest_z,direction,event_lexicon_mean,event_finbert_mean,d_brent_usd,d_2y_bp
2026-03-02,"The US and Israel struck Iran's Natanz nuclear enrichment complex, and Iran's IRGC announced the closure of the Strait of Hormuz, disrupting global shipping. Kuwait intercepted 178 ballistic missiles and 384 drones; the UAE intercepted 169 missiles and 645 drones, with 44 hitting Emirati territory.",CNN / Al Jazeera,https://edition.cnn.com/world/live-news/iran-israel-us-attack-03-02-26-intl-hnk,Increased,3.48,5.16,3.38,1.9,0.382,0.333,-0.447,5.26,9.0
2026-03-03,"Massive explosions were heard in Tehran, with blasts also reported in Karaj and Isfahan. Iran's IRGC announced that ground forces had entered battlefield operations, engaging 230 drones, and described a naval operation targeting US military ships.",Al Jazeera,https://www.aljazeera.com/news/liveblog/2026/3/3/iran-live-news-israel-bombs-tehran-beirut-trump-says-war-to-last-4-weeks,Increased,2.38,2.45,4.82,-0.13,0.573,0.0,-0.393,3.66,4.0
2026-03-04,"Israel launched a new 'broad wave' of strikes targeting Iran's leadership and security command centers; Trump said Iran's air force and navy had been 'knocked out.' A US-based rights group said more than 1,000 people had been killed in Iran since the fighting began, and four US service members were killed in a drone strike in Kuwait.",CNN,https://www.cnn.com/2026/03/04/us/5-things-to-know-for-march-4-war-with-iran-us-service-members-primaries-drug-trafficking-preventive-health,Increased,2.06,2.34,3.94,-0.1,0.553,0.5,-0.764,0.0,3.0
2026-03-05,"Iran fired a hybrid drone-and-missile barrage at Tel Aviv, including what appeared to be a cluster warhead. Kuwait, Bahrain and the UAE faced a fresh barrage of Iranian attacks. Maersk suspended Middle East operations; US and Brent crude surged 31% and 24% respectively on the week as Iran effectively closed the Strait of Hormuz.",CNN,https://www.cnn.com/2026/03/05/middleeast/us-israel-iran-war-what-we-know-intl-hnk,Increased,1.65,1.84,3.46,-0.36,0.577,0.0,-0.241,4.01,3.0
2026-03-06,"Trump warned Iran would be hit 'very hard' and that Washington would widen its target list; US Central Command said more than 3,000 targets inside Iran had been struck in the preceding week. Fresh drone and missile attacks hit Saudi Arabia, Qatar, Bahrain and the UAE, and Dubai's airport came under repeated drone attack.",Al Jazeera,https://www.aljazeera.com/news/liveblog/2026/3/6/iran-live-trump-says-iran-being-demolished-tehran-keeps-up-gulf-attacks,Increased,1.01,1.26,1.44,0.33,0.428,0.667,-0.587,7.28,-1.0
2026-03-09,"More than a week after Supreme Leader Ali Khamenei was killed in the February 28 strikes, Iran named his son Mojtaba Khamenei as successor; hundreds of thousands rallied in Tehran in support. Brent crude surged to $119.50/barrel before easing to $112.98. Trump said the war could be over 'pretty quickly.'",Al Jazeera,https://www.aljazeera.com/news/liveblog/2026/3/9/iran-war-live-mojtaba-khamenei-named-supreme-leader-israel-bombs-tehran,Increased,1.37,2.33,1.49,0.27,0.478,0.25,0.119,6.27,0.0
2026-03-24,"Trump said VP Vance and Secretary of State Rubio were leading negotiations with Iran and expressed optimism a deal was in sight; Iranian officials called the claims 'fake news' and a 'big lie,' accusing the US of buying time while deploying more forces. The Philippines declared a state of national emergency over energy-supply risk from the war.",Al Jazeera / CNN,https://www.aljazeera.com/news/liveblog/2026/3/24/iran-war-live-tehran-says-trumps-claims-of-peace-talks-fake,Unclear,1.24,-0.72,2.81,1.64,0.06,0.0,-0.307,4.55,7.0
2026-03-25,"Oil prices tumbled and stock markets rallied on reports of a US plan to end the war with Iran, which Tehran promptly rejected, saying Washington's push for talks alongside continued troop deployments showed a lack of genuine diplomatic intent. Iran reported more than 1,750 killed since the war began.",Al Jazeera,https://www.aljazeera.com/news/liveblog/2026/3/25/iran-war-live-trump-again-says-talks-underway-12-killed-in-south-tehran,Unclear,1.35,-0.7,2.89,1.86,0.01,0.5,-0.824,-2.27,-6.0
2026-03-26,"Trump said the US would hold off on targeting Iranian energy sites for 10 more days as 'talks are ongoing'; Iran's foreign minister acknowledged messages exchanged via mediators but called the shift in US tone an admission of failure. The Dow, S&P 500 and Nasdaq were each set for their worst month in a year.",CNN,https://www.cnn.com/2026/03/26/middleeast/us-israel-iran-middle-east-war-day-28-what-we-know-intl-hnk,Unclear,1.19,-0.64,2.3,1.91,0.016,0.0,-0.485,5.79,12.0
2026-03-30,"Trump said in an interview he wanted to 'take the oil in Iran' and threatened to obliterate Iran's electric plants and oil wells if a deal wasn't reached, even as he pushed publicly for negotiations. An Indian worker was killed in Kuwait; Iranian-backed Houthi rebels joined the conflict for the first time, and fears of a US ground invasion grew as troops arrived in the region.",Al Jazeera,https://www.aljazeera.com/news/liveblog/2026/3/30/iran-war-live-worker-killed-in-kuwait-israel-intercepts-drones-from-yemen,Increased,0.78,1.36,-0.21,1.2,0.174,1.0,-0.45,0.21,-6.0
2026-04-06,Trump set an 8pm ET deadline for Iran to reopen the Strait of Hormuz or face strikes on power plants and bridges; a 45-day ceasefire proposal was rejected by both sides as insufficient. A US-Israeli strike near Tehran's Sharif University damaged a fuel station and mosque; children were reported killed in overnight strikes on a residential Tehran neighborhood.,CNN,https://www.cnn.com/2026/04/06/world/live-news/iran-war-us-trump-oil,Increased,0.86,2.04,-0.77,1.3,0.201,0.25,-0.859,0.74,5.0
2026-04-08,"The US and Iran agreed a two-week ceasefire brokered by Pakistan, ending 40 days of attacks, conditioned on Iran reopening the Strait of Hormuz. Negotiations toward a lasting agreement were set to begin in Islamabad. Israel endorsed the ceasefire with Iran but said it would not extend to its operations against Hezbollah in Lebanon.",Al Jazeera / CNN,https://www.aljazeera.com/news/2026/4/8/us-iran-ceasefire-deal-what-are-the-terms-and-whats-next,Unclear,1.31,0.36,0.95,2.61,-0.095,0.0,0.423,-14.52,-2.0
2026-04-09,"Iran's IRGC claimed shipping through the Strait of Hormuz stopped again over an alleged Israeli ceasefire violation in Lebanon, even as the US-Iran truce held elsewhere. Satellite imagery showed large plumes of black smoke over Saudi Aramco's Abqaiq processing facility following a reported Iranian strike the day before.",Al Jazeera,https://www.aljazeera.com/news/liveblog/2026/4/9/iran-war-live-israel-kills-254-in-lebanon-shaking-trump-tehran-ceasefire,Decreased,0.94,-0.24,1.49,1.55,-0.167,0.0,-0.868,1.17,-1.0
2026-04-10,"Trump said the Strait of Hormuz would reopen soon, 'with or without Iran's cooperation,' and threatened to renew and intensify strikes if a lasting deal wasn't reached. Polls found most Israelis did not believe the war had been won, and more than half opposed the ceasefire. A key Saudi pipeline bypassing the Strait was struck earlier that week.",CNN,https://www.cnn.com/2026/04/10/world/live-news/iran-war-trump-us-ceasefire,Decreased,0.73,-0.51,1.48,1.23,-0.183,0.667,-0.673,-0.72,3.0
2026-04-13,"A US military blockade of all traffic entering or leaving Iranian ports took effect at 10am ET, after weekend ceasefire talks in Pakistan collapsed. Iran's IRGC vowed to retaliate and warned that approaching military vessels would breach the ceasefire. Oil prices were expected to keep climbing until meaningful tanker traffic resumed through the Strait.",Al Jazeera / CNN,https://www.cnn.com/2026/04/13/world/live-news/iran-us-war-trump-hormuz,Decreased,1.31,1.44,0.75,1.75,-0.127,0.667,-0.358,4.16,-3.0
2026-06-15,"Oil sank after the US and Iran agreed an interim deal to reopen the Strait of Hormuz ahead of a framework agreement to end the war; Brent tumbled as much as 5.7% to below $83/barrel, more than 30% off its wartime peak, as Iran prepared to end its near-total closure of the Strait in exchange for the US lifting its port blockade.",Bloomberg,https://www.bloomberg.com/news/articles/2026-06-14/latest-oil-market-news-and-analysis-for-june-15,Decreased,0.77,1.74,0.08,0.5,-0.153,0.0,-0.658,-4.16,-2.0
2026-07-08,Iran warned of a 'crushing response' after US strikes 'punished' Iranian attacks on three commercial vessels near the Strait of Hormuz the day before; Iran's IRGC claimed strikes on 85 US targets across Bahrain and Kuwait. The June memorandum-of-understanding ceasefire was widely reported as effectively over.,Al Jazeera / CNN,https://www.aljazeera.com/news/liveblog/2026/7/8/iran-war-live-us-bombs-sirik-qeshm-bandar-abbas-over-hormuz-attacks,Unclear,1.04,0.56,1.05,1.52,0.028,0.667,-0.56,3.86,2.0
2026-07-13,"The US resumed strikes on Iran for a second consecutive night, hitting air-defense systems, coastal radar sites and missile/drone capabilities; Iran said it struck and disabled two 'rogue supertankers' and hit US-linked facilities in Bahrain, Oman, Jordan and Kuwait. WTI rose 9.4% to $78.14/barrel, its highest settle since June 15. US Central Command said it would resume its naval blockade of Iranian ports the next day.",CNN / Al Jazeera,https://www.cnn.com/2026/07/13/world/live-news/iran-war-trump,Unclear,0.85,1.73,0.15,0.66,0.056,0.75,-0.25,7.29,5.0
