variable,column,units,group,w1_coef,w1_t,w1_se,w2_coef,w2_t,w2_se,w3_coef,w3_t,w3_se,n,first_stage_F_w1
Two-year Treasury yield,y2,pp,US (paper),0.01746707215268221,1.4088182611924855,0.01239838567814795,0.007802853412386779,0.10665692710655485,0.07315843071862921,0.018079962347265607,1.6833306006157815,0.010740589127680417,36,38.207963669655705
Ten-year Treasury yield,y10,pp,US (paper),0.016173430528993005,1.4765763288807838,0.010953331847905316,-0.02633427925715805,-0.2176855100923751,0.12097396490002052,0.019373034359445356,2.2773757691251775,0.008506735964301244,36,38.207963669655705
Break-even inflation (10-year),breakeven10,pp,US (paper),0.013446443105592246,3.2179046534160207,0.004178633164695526,-0.0012669986635187344,-0.062052433427065325,0.020418194638699042,0.014181344242398008,3.445529520030059,0.004115867868772254,36,38.207963669655705
S&P 500,spx,pct,US (paper),-0.6504263297900632,-2.9520234473189744,0.2203323724887009,-0.6325500023533803,-1.34988392523798,0.46859584778140384,-0.650336636983384,-2.9639906965679352,0.21941250953871813,36,38.207963669655705
BBB yield spread,bbb,pp,US (paper),0.007952699842036677,2.541791865448325,0.003128776966415371,0.012853465451179758,1.062525422027734,0.012097089805766792,0.00830831629909094,2.908864830753243,0.0028562056962060773,36,38.207963669655705
High-yield yield spread,hy,pp,US (paper),0.04511865611829497,3.126959959860686,0.01442892032436038,0.08382631873216494,2.336883981600064,0.03587098007097857,0.047944731321392625,3.610470004834364,0.013279360099154782,36,38.207963669655705
Gold price,gold,$,US (paper),-35.10744883669476,-1.7441844074293134,20.128289581741118,-7.583465777339465,-0.04520432778942906,167.75972895039584,-36.63328780397853,-1.897202106413458,19.309111918092622,36,38.207963669655705
Dollar (broad index),dollar,pct,US (paper),0.2608850973492663,3.2940167343064153,0.0791996879166426,0.3484898845724297,2.9130674792370908,0.11962987025061858,0.25716338149532236,3.2419334208282535,0.0793240786017197,36,38.207963669655705
VIX,vix,vol,US (added),1.6017925405517883,2.9432209138226213,0.5442311628831825,3.039346893996497,2.1474608192106186,1.4153212327821307,1.747565947071119,3.715849386976251,0.47030053295383684,36,38.207963669655705
Euro Stoxx 50,stoxx,pct,Global,-1.3533983879530362,-4.396252229515146,0.30785276123756433,-1.6846093254121457,-3.726875419079454,0.4520165382475403,-1.369738461970431,-4.469592889840174,0.30645709703986274,34,44.671877358401915
Nikkei 225,nikkei,pct,Global,-1.624898377699942,-3.2264771836543185,0.5036137822179101,-2.799083546303776,-2.066258445701295,1.354662845844416,-1.6490747207722127,-3.2845038097511945,0.502077274465738,33,34.931206820121936
Tel Aviv 125,ta125,pct,Global,0.02753399575958463,0.03968297862689971,0.6938490182014787,128.5488807053237,0.040232991992854135,3195.1111348655236,0.06942654054631034,0.09804853378497436,0.7080834140627379,27,31.59973681011646
MSCI EM equities,em,pct,Global,-1.6719095756488422,-3.4523740410934467,0.4842782258666589,-0.704072138656784,-0.4033974965554498,1.7453557463017233,-1.6509662999674701,-3.4534110778722034,0.4780682816899696,36,38.207963669655705
Swiss franc per dollar,chf,pct,Global,0.23648379704620828,2.355563645466796,0.10039371999194906,0.36759596399245137,0.7795497118680469,0.4715490986605274,0.23708656374149537,2.361606220910872,0.10039208130560015,36,38.207963669655705
US energy equities (XLE),energy,pct,Sector,1.0397937706954206,3.4393037306986662,0.3023268231341101,1.6361752161086893,2.7815175839714747,0.5882311244542069,0.9581715282023022,3.1744835925670554,0.3018354010226508,36,38.207963669655705
US airlines (JETS),airlines,pct,Sector,-1.4873480137731865,-3.446941519102917,0.43149789618719026,-2.0280718064301007,-2.629026870819882,0.7714153966777947,-1.3593079410788445,-2.8306353824029387,0.48021301137164546,36,38.207963669655705
Aerospace & defence (ITA),defence,pct,Sector,-0.6499106650714783,-1.2242782934303853,0.5308520689772677,-1.8227194460097902,-0.9256078153512537,1.9692135435547253,-0.5540834801112073,-1.0070904527823825,0.5501824375163019,36,38.207963669655705
